{"cameraMode":{"drawMode":0,"name":"Shaded","section":"Shading Mode"},"sceneLighting":true,"audioPlay":false,"sceneViewState":{"showFog":true,"showMaterialUpdate":false,"showSkybox":true,"showFlares":true,"showImageEffects":true,"showParticleSystems":true},"in2DMode":false,"pivot":{"x":1.2462189197540284,"y":4.784655570983887,"z":0.7686986923217773},"rotation":{"x":0.035511039197444919,"y":-0.4675171971321106,"z":-0.018798820674419404,"w":-0.8830792903900147},"size":2.359847068786621,"orthographic":false}